,density,id
0,321.07906417244754,RP_02
1,286.82682339617855,RP_02
2,327.24658582310656,RP_02
3,381.34241118721195,RP_02
4,398.5620778174802,RP_02
5,399.9129872169928,RP_02
6,394.85821670192064,RP_02
7,396.1486148744414,RP_02
8,407.4224183599534,RP_02
9,400.3139410018731,RP_02
10,386.06329486997635,RP_02
11,382.89055003192226,RP_02
12,391.3271213481944,RP_02
13,397.0132064162282,RP_02
14,394.0523934984579,RP_02
15,394.3551373516554,RP_02
16,397.1035101134644,RP_02
17,400.83187972877295,RP_02
18,395.6751777197183,RP_02
19,391.80323583268813,RP_02
20,381.82121841647205,RP_02
21,377.9046357779525,RP_02
22,374.4108618060082,RP_02
23,377.6345902032116,RP_02
24,374.3311030145906,RP_02
25,370.00236916987217,RP_02
26,353.53032478261656,RP_02
27,367.860152886858,RP_02
28,365.19954809398814,RP_02
29,353.7624630838095,RP_02
30,338.0316803656097,RP_02
31,331.1099317027375,RP_02
32,326.7454609613731,RP_02
33,342.77104555084185,RP_02
34,349.98266949299165,RP_02
35,350.06559477062115,RP_02
36,347.85476196553594,RP_02
37,348.0536571121946,RP_02
38,344.2588017508276,RP_02
39,337.79067223183523,RP_02
40,334.7434588890123,RP_02
41,337.1651196312399,RP_02
42,340.4228451859761,RP_02
43,348.8596821408168,RP_02
44,349.73861692701354,RP_02
45,349.18103697291554,RP_02
46,346.7208145225493,RP_02
47,344.3533323847323,RP_02
48,339.92072839219924,RP_02
49,336.65387958250705,RP_02
50,335.62847452889736,RP_02
51,336.066033557242,RP_02
52,332.4971033988713,RP_02
53,330.1458789792785,RP_02
54,326.0569931272481,RP_02
55,324.4387746215388,RP_02
56,325.45720403085625,RP_02
57,327.69881972866614,RP_02
58,329.1442917764036,RP_02
59,332.87251862873,RP_02
60,336.49966484011645,RP_02
61,338.75980750045454,RP_02
62,335.93904179254343,RP_02
63,334.764907401465,RP_02
64,328.47896973046966,RP_02
65,328.75674598942203,RP_02
66,321.233465939479,RP_02
67,324.00538674124925,RP_02
68,323.24165904445334,RP_02
69,323.58518117851474,RP_02
70,323.6839724139487,RP_02
71,327.4197139729649,RP_02
72,331.216044622034,RP_02
73,330.0710328089644,RP_02
74,322.6037171356238,RP_02
75,319.5562827458506,RP_02
76,318.490783942291,RP_02
77,320.5357963739772,RP_02
78,321.7385240734317,RP_02
79,327.23525511483905,RP_02
80,331.4790295051733,RP_02
81,333.88334019140115,RP_02
82,334.20995584301204,RP_02
83,333.9641825982415,RP_02
84,335.26917017067433,RP_02
85,336.1270095205248,RP_02
86,336.31884218792055,RP_02
87,332.760582079512,RP_02
88,329.0094591096867,RP_02
89,325.7667349609518,RP_02
90,325.22132024342545,RP_02
91,323.4037831719917,RP_02
92,323.48680906466166,RP_02
93,323.4105004777692,RP_02
94,323.7364594139617,RP_02
95,324.6146577211958,RP_02
96,325.4028761176671,RP_02
97,325.93888679921747,RP_02
98,325.24656324083566,RP_02
99,325.07159239748836,RP_02
100,324.4688560394726,RP_02
101,324.9723157374713,RP_02
102,324.6681964898205,RP_02
103,326.3586124579116,RP_02
104,327.5319114658705,RP_02
105,329.18525098512356,RP_02
106,328.6038628511527,RP_02
107,328.9512347346529,RP_02
108,329.1824924678806,RP_02
109,329.82849832871494,RP_02
110,330.8109889282164,RP_02
111,330.44952953959296,RP_02
112,330.7899669847172,RP_02
113,330.7378641068797,RP_02
114,333.8927246732584,RP_02
115,335.71726889046226,RP_02
116,338.8499761414875,RP_02
117,338.13048853826405,RP_02
118,340.7825836539883,RP_02
119,340.29082546353817,RP_02
120,343.50388190835366,RP_02
121,342.9028645347455,RP_02
122,343.84372555483253,RP_02
123,333.28959114175655,RP_02
124,302.0494508035514,RP_02
125,291.54218519614875,RP_02
126,272.20293567976984,RP_02
127,252.4688710116808,RP_02
128,235.6251612457982,RP_02
129,222.94923508952314,RP_02
130,232.39493331426962,RP_02
131,250.61222259626345,RP_02
132,251.48716968390093,RP_02
133,251.9543759912458,RP_02
134,250.55712429867566,RP_02
135,237.1108811430393,RP_02
136,234.64790205426786,RP_02
137,231.74745041303976,RP_02
138,223.15171118017201,RP_02
139,224.24153855967887,RP_02
140,221.69317271623513,RP_02
141,216.6758550193145,RP_02
142,222.34601740455946,RP_02
143,215.10808841530147,RP_02
144,214.3218714782363,RP_02
145,223.47722108511567,RP_02
146,216.6874090951593,RP_02
147,222.28906377931713,RP_02
148,228.16908129808317,RP_02
149,224.84778900220624,RP_02
150,230.2896330113938,RP_02
151,235.95401634219945,RP_02
152,239.06635229837667,RP_02
153,246.01992005102295,RP_02
154,251.51717020191074,RP_02
155,257.8672682420732,RP_02
156,266.65534197131933,RP_02
157,272.60910586727823,RP_02
158,281.3742862576409,RP_02
159,291.983218244308,RP_02
160,298.47544240673005,RP_02
161,305.52055985484793,RP_02
162,310.481983455971,RP_02
163,313.6213117325278,RP_02
164,318.1818701436788,RP_02
165,314.5813253447667,RP_02
166,309.0483389284312,RP_02
167,309.60523554561587,RP_02
168,306.4346313686981,RP_02
169,304.91694872377036,RP_02
170,307.4401516594527,RP_02
171,303.850186377792,RP_02
172,302.63964586598865,RP_02
173,303.17802143636453,RP_02
174,297.5408589994702,RP_02
175,295.3383961317022,RP_02
176,290.56942413263477,RP_02
177,280.6404138886837,RP_02
178,280.5505082174482,RP_02
179,282.45255612032355,RP_02
180,282.4187499493139,RP_02
181,287.10031833731273,RP_02
182,284.12565235367776,RP_02
183,282.53140681240245,RP_02
184,286.1762436816309,RP_02
185,280.04764627479636,RP_02
186,282.83820199015753,RP_02
187,287.92460615601544,RP_02
188,277.27032539331026,RP_02
189,282.43915003570544,RP_02
190,278.8067353716351,RP_02
191,253.43756336406355,RP_02
192,287.66414192337777,RP_02
193,257.61823337288683,RP_02
194,250.60069778328358,RP_02
195,240.05981632494428,RP_02
196,242.40038321221664,RP_02
197,238.72059053277684,RP_02
198,238.0426169912492,RP_02
199,232.87558729117362,RP_02
200,236.13050085437504,RP_02
201,235.56517834947093,RP_02
202,235.79075994627266,RP_02
203,233.0363422544728,RP_02
204,235.08440519463164,RP_02
205,239.93888725173412,RP_02
206,244.42512255084796,RP_02
207,245.52220890183258,RP_02
208,246.14743697871825,RP_02
209,245.23609220366603,RP_02
210,240.3730642775839,RP_02
211,226.73102074560148,RP_02
212,220.900241739403,RP_02
213,219.1994589858536,RP_02
214,220.86008170738185,RP_02
215,220.99538914065027,RP_02
216,223.2387729441134,RP_02
217,221.36787511493074,RP_02
218,222.16720649413597,RP_02
219,219.54365673415236,RP_02
220,222.19633329224763,RP_02
221,220.87454052954956,RP_02
222,227.45555918489367,RP_02
223,219.88611872987352,RP_02
224,224.23096498270635,RP_02
225,223.4814764528836,RP_02
226,225.10636045996006,RP_02
227,225.15190248723042,RP_02
228,224.65558377587575,RP_02
229,226.2293158680493,RP_02
230,228.52489963857496,RP_02
231,229.7827153307603,RP_02
232,231.61465477328142,RP_02
233,234.1210411715912,RP_02
234,235.31334599616756,RP_02
235,236.30073222737317,RP_02
236,238.6039552186587,RP_02
237,240.42993958454343,RP_02
238,241.23300039340637,RP_02
239,243.05977647289728,RP_02
240,245.37866238505077,RP_02
241,246.28973325506965,RP_02
242,246.8862646999239,RP_02
243,248.15403671559238,RP_02
244,248.8532942478422,RP_02
245,249.31268009064883,RP_02
246,250.9076241192295,RP_02
247,252.56495856798847,RP_02
248,253.29019211516376,RP_02
249,254.6377191554254,RP_02
250,257.2580623868766,RP_02
251,260.07849101671644,RP_02
252,262.98951721519336,RP_02
253,265.43274676081467,RP_02
254,265.300319822952,RP_02
255,262.583166093221,RP_02
256,259.2603032085856,RP_02
257,255.90039714296358,RP_02
258,253.0486517305262,RP_02
259,251.9572692954995,RP_02
260,251.4863222876216,RP_02
261,250.11784141411545,RP_02
262,249.83469354131168,RP_02
263,252.21490796411433,RP_02
264,255.26762853671218,RP_02
265,257.9773784268423,RP_02
266,261.07472286576467,RP_02
267,262.9553452079026,RP_02
268,262.6266093734809,RP_02
269,262.97958205628635,RP_02
270,264.7584701970243,RP_02
271,264.92058066199786,RP_02
272,264.0510428055819,RP_02
273,265.1753380483975,RP_02
274,266.2390962555075,RP_02
275,263.94535278781893,RP_02
276,260.20270751974664,RP_02
277,257.03224834665184,RP_02
278,253.38065724531774,RP_02
279,249.8924782652781,RP_02
280,247.7912434235352,RP_02
281,245.16204442429466,RP_02
282,241.4549953485336,RP_02
283,239.51736329144398,RP_02
284,239.8413060657697,RP_02
285,240.18783402369155,RP_02
286,240.18383546041912,RP_02
287,240.50983457297733,RP_02
288,240.59086859919893,RP_02
289,240.58480951946714,RP_02
290,241.27886949682645,RP_02
291,241.4553599514133,RP_02
292,239.89221932046075,RP_02
293,237.42031394015967,RP_02
294,235.10729234531368,RP_02
295,232.96815092357966,RP_02
296,231.42088597754142,RP_02
297,230.94199051006285,RP_02
298,230.4422791666467,RP_02
299,229.477960405782,RP_02
300,229.52428560219684,RP_02
301,230.64648260612992,RP_02
302,231.40919307950085,RP_02
303,232.28496139796147,RP_02
304,233.54051831746386,RP_02
305,233.4300564422358,RP_02
306,232.93983265067715,RP_02
307,234.59892096380065,RP_02
308,235.0319005265837,RP_02
309,229.70063045013507,RP_02
310,233.91796657384066,RP_02
311,233.68591395224334,RP_02
312,234.35572831706912,RP_02
313,233.58458912009996,RP_02
314,233.45386641861975,RP_02
315,234.33374245173658,RP_02
316,233.91262781553272,RP_02
317,234.37046937630524,RP_02
318,234.32274859093158,RP_02
319,232.75807355543716,RP_02
320,232.5071074702591,RP_02
321,232.45388121890312,RP_02
322,232.4920288237337,RP_02
323,233.4784816037678,RP_02
324,233.7728584686473,RP_02
325,233.42992665537312,RP_02
326,233.52110321376944,RP_02
327,233.07297558429542,RP_02
328,231.8419901706048,RP_02
329,230.1861090357826,RP_02
330,227.48654956213943,RP_02
331,225.2509086743346,RP_02
332,225.28894354232034,RP_02
333,226.31692573209588,RP_02
334,226.4863261736233,RP_02
335,227.6521525179235,RP_02
336,230.512616600525,RP_02
337,233.52892421768078,RP_02
338,236.69141819815846,RP_02
339,238.53124442995517,RP_02
340,238.9418517947176,RP_02
341,239.98464504181044,RP_02
342,240.42440437118927,RP_02
343,239.598482898225,RP_02
344,239.01842166211773,RP_02
345,238.3056128892166,RP_02
346,237.94547015811622,RP_02
347,238.71244929455057,RP_02
348,238.833247063153,RP_02
349,238.36848862416934,RP_02
350,238.15414505657884,RP_02
351,236.98745006197117,RP_02
352,235.87357097338162,RP_02
353,236.3348589205683,RP_02
354,237.00320859411573,RP_02
355,237.65932120714095,RP_02
356,238.77593806751113,RP_02
357,239.58015711195998,RP_02
358,241.1653897946855,RP_02
359,243.02488055945534,RP_02
360,242.22529524332063,RP_02
361,239.5422711849016,RP_02
362,237.42336733834586,RP_02
363,236.20903653454226,RP_02
364,236.20296232781368,RP_02
365,236.88928028059541,RP_02
366,237.40004204804666,RP_02
367,238.34648089911403,RP_02
368,239.60714910857135,RP_02
369,240.8324088521576,RP_02
370,241.82287420949925,RP_02
371,242.0190263113573,RP_02
372,241.95786760705232,RP_02
373,241.8971828394149,RP_02
374,241.87407016076364,RP_02
375,242.70128448455176,RP_02
376,243.4883354715164,RP_02
377,242.74533698629853,RP_02
378,240.74973617045242,RP_02
379,236.85170807708394,RP_02
380,230.47163310431995,RP_02
381,231.19816693454743,RP_02
382,232.660267219347,RP_02
383,233.04817257514975,RP_02
384,234.13659385161245,RP_02
385,229.5049476953032,RP_02
386,224.70110619457216,RP_02
387,227.62329459872467,RP_02
388,235.09751092825442,RP_02
389,234.23945882070956,RP_02
390,237.23408487663306,RP_02
391,240.73132363015193,RP_02
392,234.60210963205327,RP_02
393,230.61370011796544,RP_02
394,230.03575430195164,RP_02
395,228.84101894067345,RP_02
396,229.36601190564912,RP_02
397,230.30338354776623,RP_02
398,229.00203435329468,RP_02
399,231.48042105303784,RP_02
400,229.4097767497302,RP_02
401,232.76530918427335,RP_02
402,237.19896208165318,RP_02
403,237.10450768827116,RP_02
404,237.60787074311054,RP_02
405,238.52871010441856,RP_02
406,239.5872642908091,RP_02
407,240.54910925997714,RP_02
408,241.29439104310177,RP_02
409,241.81151723612996,RP_02
410,242.15962188189755,RP_02
411,242.42118484176518,RP_02
412,242.65222556320904,RP_02
413,242.85262916285154,RP_02
414,242.97632006913955,RP_02
415,242.97012383145938,RP_02
416,242.81049505603517,RP_02
417,242.517857856717,RP_02
418,242.14797567994972,RP_02
419,241.76953981507415,RP_02
420,241.44036685086712,RP_02
421,241.19457213026743,RP_02
422,241.0453758388061,RP_02
423,240.9963823658568,RP_02
424,241.04906700948504,RP_02
425,241.19913511342202,RP_02
426,241.42488290151934,RP_02
427,241.68024786717038,RP_02
428,241.90445126371202,RP_02
429,242.04515494935413,RP_02
430,242.07854603397567,RP_02
431,242.01583530628153,RP_02
432,241.89879639896736,RP_02
433,241.78341017703661,RP_02
434,241.70626176514907,RP_02
435,241.65127477996685,RP_02
436,241.55463978265306,RP_02
437,241.3506620347954,RP_02
438,241.00168191235005,RP_02
439,240.4748639460896,RP_02
440,239.72984901478708,RP_02
441,238.79261137226172,RP_02
442,237.84692590257072,RP_02
0,239.28278126190088,RP_05
1,220.12490332918503,RP_05
2,247.40682566366843,RP_05
3,262.56604314345657,RP_05
4,282.0174428160233,RP_05
5,286.12805013542396,RP_05
6,309.44596437073693,RP_05
7,318.62831159413656,RP_05
8,328.7494638811213,RP_05
9,339.76191070644853,RP_05
10,356.0667875903994,RP_05
11,364.26005718171734,RP_05
12,377.6566697165063,RP_05
13,384.76284470735766,RP_05
14,389.0190781644655,RP_05
15,386.33161663452887,RP_05
16,384.91577376606256,RP_05
17,384.73000274060865,RP_05
18,387.6049450762268,RP_05
19,381.0912973557831,RP_05
20,373.9015734414704,RP_05
21,360.44727528779674,RP_05
22,369.2160166699397,RP_05
23,372.30844977870197,RP_05
24,375.5487436304957,RP_05
25,374.7048534472625,RP_05
26,381.4125112678622,RP_05
27,385.60125838910733,RP_05
28,393.54836122638045,RP_05
29,386.93708395405855,RP_05
30,390.91723875477925,RP_05
31,377.26968658731846,RP_05
32,387.38430472786973,RP_05
33,376.24901393703226,RP_05
34,373.70525901903545,RP_05
35,372.5509410516135,RP_05
36,376.7044969761417,RP_05
37,386.54240453541667,RP_05
38,390.5734850237432,RP_05
39,385.3695441812662,RP_05
40,383.4837223056305,RP_05
41,382.19482224319245,RP_05
42,382.54109834455625,RP_05
43,383.05090811761045,RP_05
44,385.1932867228774,RP_05
45,385.23089714363533,RP_05
46,385.36200894741825,RP_05
47,385.04423671756007,RP_05
48,391.4864799834646,RP_05
49,393.75148385267164,RP_05
50,389.1208220022343,RP_05
51,376.7923305909032,RP_05
52,376.98065924975634,RP_05
53,384.97514897926914,RP_05
54,388.7206394621867,RP_05
55,389.8795333811735,RP_05
56,390.19786271007877,RP_05
57,390.3598255073611,RP_05
58,390.33410836630367,RP_05
59,389.29732490775325,RP_05
60,387.77303422604444,RP_05
61,385.97336552949207,RP_05
62,385.0098025960682,RP_05
63,381.6316836887515,RP_05
64,374.0011379700365,RP_05
65,363.17856210419046,RP_05
66,363.01394748865954,RP_05
67,366.1550666817514,RP_05
68,370.4712243527393,RP_05
69,378.62978867556836,RP_05
70,386.21494708750157,RP_05
71,393.8903602312283,RP_05
72,400.9621884590542,RP_05
73,404.9538834370354,RP_05
74,407.6169631817236,RP_05
75,410.28531053765255,RP_05
76,414.34227330234665,RP_05
77,410.60369638981007,RP_05
78,393.8502196771748,RP_05
79,374.1376567273571,RP_05
80,373.2831652638428,RP_05
81,366.7563239452236,RP_05
82,351.0732196245581,RP_05
83,342.02603605908143,RP_05
84,338.59256891786936,RP_05
85,337.4632904144863,RP_05
86,341.72211940037084,RP_05
87,349.79418744358134,RP_05
88,352.2580664885179,RP_05
89,349.4688839254041,RP_05
90,347.5089348280298,RP_05
91,344.8428563157641,RP_05
92,342.1297006426594,RP_05
93,342.7614642825951,RP_05
94,343.80442060408507,RP_05
95,343.2397179287148,RP_05
96,344.13081573780477,RP_05
97,344.76379853298573,RP_05
98,343.18628549236706,RP_05
99,342.9732840283668,RP_05
100,342.6312650896591,RP_05
101,338.588737544651,RP_05
102,333.634752726642,RP_05
103,329.1942134561245,RP_05
104,324.1425947261114,RP_05
105,323.7164801424748,RP_05
106,329.2883261376219,RP_05
107,331.60961559450504,RP_05
108,331.0873457278913,RP_05
109,335.80647523045974,RP_05
110,340.1020752700798,RP_05
111,340.611756355482,RP_05
112,344.4886424329534,RP_05
113,346.52549191819213,RP_05
114,341.0186382552297,RP_05
115,338.84971541788315,RP_05
116,340.7617605857367,RP_05
117,337.31077531324223,RP_05
118,334.3779291445282,RP_05
119,336.0223626279152,RP_05
120,334.016786405988,RP_05
121,332.176031842708,RP_05
122,337.15392243830655,RP_05
123,339.6735257976916,RP_05
124,336.9394619284428,RP_05
125,337.62529376038543,RP_05
126,336.96616855063587,RP_05
127,330.2737360058981,RP_05
128,327.7765629468307,RP_05
129,330.2893712939016,RP_05
130,329.4013553747073,RP_05
131,329.38981023977544,RP_05
132,333.33218665379553,RP_05
133,333.22235810334155,RP_05
134,332.3439644088572,RP_05
135,337.1981434384473,RP_05
136,338.47562778994285,RP_05
137,336.0603533516234,RP_05
138,340.554393355309,RP_05
139,343.5826183497958,RP_05
140,339.574779315659,RP_05
141,339.92079962875584,RP_05
142,340.0099938915265,RP_05
143,331.8484266399681,RP_05
144,328.14525011252096,RP_05
145,330.81475048788195,RP_05
146,327.6088764797298,RP_05
147,324.8522897512595,RP_05
148,327.43627657448917,RP_05
149,314.0512060106871,RP_05
150,290.90759412802976,RP_05
151,276.8393759054573,RP_05
152,258.66207587808265,RP_05
153,236.86616988081914,RP_05
154,217.48880379592674,RP_05
155,195.64795980980273,RP_05
156,209.69318621421212,RP_05
157,208.3538982984359,RP_05
158,219.91123493743572,RP_05
159,NaN,RP_05
160,NaN,RP_05
161,343.7881225192266,RP_05
162,268.9243394830481,RP_05
163,265.71224400271683,RP_05
164,265.41636020811575,RP_05
165,262.53234647530815,RP_05
166,261.464286886516,RP_05
167,262.6401706436449,RP_05
168,262.5354031165156,RP_05
169,263.2636627628899,RP_05
170,261.1372433403232,RP_05
171,254.3155509827571,RP_05
172,250.95254684604635,RP_05
173,247.98406902622833,RP_05
174,241.4401661284524,RP_05
175,239.73815680085858,RP_05
176,237.37036867533823,RP_05
177,226.52818194909082,RP_05
178,216.49416859423295,RP_05
179,210.70766277538485,RP_05
180,210.2700756199768,RP_05
181,216.94755706844342,RP_05
182,221.05800653978184,RP_05
183,229.87923580925192,RP_05
184,245.2114547628292,RP_05
185,210.19930034311986,RP_05
186,195.558479978288,RP_05
187,145.55443296751224,RP_05
188,170.7127132287103,RP_05
189,163.89980834998488,RP_05
190,113.91718551451274,RP_05
191,158.49311042202686,RP_05
192,146.4740689346199,RP_05
193,112.06978574342659,RP_05
194,159.0594591659001,RP_05
195,135.7576998597974,RP_05
196,114.75714081681485,RP_05
197,157.6742054804365,RP_05
198,120.8967199591166,RP_05
199,119.8778191050209,RP_05
200,157.21882063534608,RP_05
201,102.72157655427498,RP_05
202,126.65826662837166,RP_05
203,153.91315349585972,RP_05
204,46.53108014068735,RP_05
205,129.65108739064624,RP_05
206,182.20522455756088,RP_05
207,NaN,RP_05
208,268.8044118813541,RP_05
209,277.8212226657861,RP_05
210,NaN,RP_05
211,228.74524048142845,RP_05
212,205.577540334724,RP_05
213,NaN,RP_05
214,222.2220944381741,RP_05
215,232.95532776536623,RP_05
216,NaN,RP_05
217,228.99777231287922,RP_05
218,233.93861959950112,RP_05
219,232.47033759805623,RP_05
220,219.94423489535365,RP_05
221,206.9212638321181,RP_05
222,201.05609928164546,RP_05
223,203.22581249958768,RP_05
224,162.33964437200117,RP_05
225,174.27891402957522,RP_05
226,182.27085517381218,RP_05
227,-15.016712459925909,RP_05
228,171.30218608954567,RP_05
229,181.5764678880374,RP_05
230,NaN,RP_05
231,191.83441170015726,RP_05
232,183.0911254385121,RP_05
233,NaN,RP_05
234,248.60308180095558,RP_05
235,217.20686640099626,RP_05
236,136.18394409551652,RP_05
237,164.75497695592355,RP_05
238,144.93417936683178,RP_05
239,158.35416981586482,RP_05
240,145.96887811695032,RP_05
241,155.00356853837968,RP_05
242,145.390188204765,RP_05
243,152.49496282485305,RP_05
244,144.21381174508622,RP_05
245,150.45871138795695,RP_05
246,142.81013770339976,RP_05
247,148.60740780725203,RP_05
248,141.00234072615564,RP_05
249,146.74503694950104,RP_05
250,138.90616450595806,RP_05
251,144.96742353439902,RP_05
252,136.43154855998262,RP_05
253,143.30932479518876,RP_05
254,133.57266158416564,RP_05
255,142.05730575375313,RP_05
256,130.0482561975578,RP_05
257,141.4846276704865,RP_05
258,125.10416325957213,RP_05
259,142.34334583270618,RP_05
260,126.82419442414829,RP_05
261,364.36813418287943,RP_05
262,70.1605133111313,RP_05
263,NaN,RP_05
264,271.54445769527047,RP_05
265,NaN,RP_05
266,177.09534131951582,RP_05
267,258.6600223515535,RP_05
268,598.2787180325822,RP_05
269,223.094312413993,RP_05
270,215.30948654580737,RP_05
271,212.14268065366326,RP_05
272,211.00504336505773,RP_05
273,220.61208932035515,RP_05
274,281.3221274517251,RP_05
275,223.4862348318307,RP_05
276,NaN,RP_05
277,207.9811240634749,RP_05
278,217.6414946962231,RP_05
279,172.48113494722213,RP_05
280,171.7111577979625,RP_05
281,173.53631108480133,RP_05
282,189.32196319722397,RP_05
283,199.26254985764578,RP_05
284,204.10245335364505,RP_05
285,208.9515048108203,RP_05
286,202.45710226959505,RP_05
287,200.3162792960146,RP_05
288,195.3415349484742,RP_05
289,204.93941979189043,RP_05
290,239.56565075722716,RP_05
291,277.39770293708386,RP_05
292,233.34079008709608,RP_05
293,218.05367200444834,RP_05
294,217.03728798506944,RP_05
295,238.14110431021413,RP_05
296,229.55147606306065,RP_05
297,243.67399508407382,RP_05
298,247.88189692177036,RP_05
299,279.23911065720984,RP_05
300,279.98575780757335,RP_05
301,309.5317797453657,RP_05
302,289.7307169067517,RP_05
303,315.165914973684,RP_05
304,292.9799716694578,RP_05
305,285.5727491623719,RP_05
306,274.3379928343851,RP_05
307,290.851399031913,RP_05
308,327.83327456147714,RP_05
309,346.9208199863383,RP_05
310,353.69818063382445,RP_05
311,354.2906283059929,RP_05
312,339.93657446321333,RP_05
313,321.86863278596024,RP_05
314,262.8548141508737,RP_05
315,203.3242003884066,RP_05
316,183.7499043068197,RP_05
317,172.43666665485495,RP_05
318,201.45334856098572,RP_05
319,281.88668311020524,RP_05
320,322.0263513699148,RP_05
321,333.6508277528088,RP_05
322,331.96002787629385,RP_05
323,334.6121823544587,RP_05
324,322.7708844082608,RP_05
325,265.35670835513696,RP_05
326,166.95680017845388,RP_05
327,126.85008788341716,RP_05
328,133.6752953620431,RP_05
329,142.31059564239968,RP_05
330,151.78968667772554,RP_05
331,158.45708273125805,RP_05
332,163.81347842670152,RP_05
333,169.28914830471416,RP_05
334,164.321455640844,RP_05
335,145.02524461229316,RP_05
336,146.1821580245744,RP_05
337,173.56095931631393,RP_05
338,186.63304143282787,RP_05
339,185.46278653503828,RP_05
340,180.7326819118931,RP_05
341,215.80926752178925,RP_05
342,253.1001313548832,RP_05
343,286.1729245223336,RP_05
344,319.34124771216756,RP_05
345,334.85027580055555,RP_05
346,324.36523881288946,RP_05
347,301.56206408933497,RP_05
348,212.97015508970793,RP_05
0,258.58684260992266,RP_06
1,263.01693513449135,RP_06
2,257.24191217096535,RP_06
3,260.4361459296728,RP_06
4,268.73172291144976,RP_06
5,283.17794251959594,RP_06
6,308.8232158248495,RP_06
7,328.4971338318529,RP_06
8,334.8839741478132,RP_06
9,339.98771077143766,RP_06
10,345.2878911427283,RP_06
11,347.1493720908123,RP_06
12,345.53252193023576,RP_06
13,342.73747695334305,RP_06
14,340.3259966201869,RP_06
15,331.68247457146333,RP_06
16,317.74785373780276,RP_06
17,308.53861272446807,RP_06
18,301.96496720733865,RP_06
19,296.7597376234262,RP_06
20,295.79290110062357,RP_06
21,292.6405599205423,RP_06
22,290.4028845655669,RP_06
23,294.12735936280774,RP_06
24,292.7334459225932,RP_06
25,285.6139041260267,RP_06
26,276.9065072908353,RP_06
27,259.81945650813117,RP_06
28,246.10151901878652,RP_06
29,248.88165435507034,RP_06
30,257.12632966874514,RP_06
31,262.2694385211644,RP_06
32,266.78558300675957,RP_06
33,269.6277001713678,RP_06
34,272.926385648352,RP_06
35,275.92269092452585,RP_06
36,272.6004598254949,RP_06
37,264.6481080479464,RP_06
38,258.23458496722736,RP_06
39,256.4107746156949,RP_06
40,260.2539889611214,RP_06
41,267.11399169657255,RP_06
42,272.84523009901346,RP_06
43,280.6626542226111,RP_06
44,291.9125472345978,RP_06
45,302.1868422549013,RP_06
46,308.7108523151542,RP_06
47,308.81231444270225,RP_06
48,306.42336109060193,RP_06
49,305.45913538121664,RP_06
50,296.19764872585523,RP_06
51,277.50239477761636,RP_06
52,262.3409553359198,RP_06
53,254.54397896536736,RP_06
54,252.93649727422303,RP_06
55,256.51740378441343,RP_06
56,258.6563342049594,RP_06
57,258.21647646497416,RP_06
58,258.78040479471576,RP_06
59,258.98650077071386,RP_06
60,258.3542882331745,RP_06
61,257.11072323711016,RP_06
62,255.16714162907482,RP_06
63,253.17900127593848,RP_06
64,251.95445522932658,RP_06
65,253.3180612207766,RP_06
66,254.3001616198702,RP_06
67,251.203914324686,RP_06
68,249.03254599476583,RP_06
69,243.61815632175217,RP_06
70,233.92370626601772,RP_06
71,240.02491101098394,RP_06
72,219.83914997050834,RP_06
73,231.89186300126218,RP_06
74,225.11383396926578,RP_06
75,221.9115783174538,RP_06
76,226.98515671640013,RP_06
77,226.07430812357563,RP_06
78,224.4088699497284,RP_06
79,229.93878203641316,RP_06
80,227.61364073188258,RP_06
81,211.44231521461307,RP_06
82,247.8686302419543,RP_06
83,225.88392692184567,RP_06
84,221.04431300546912,RP_06
85,219.25103611520848,RP_06
86,226.25788147105683,RP_06
87,219.35225102689287,RP_06
88,233.1798603499825,RP_06
89,224.3719377469463,RP_06
90,222.20761517402246,RP_06
91,219.3649106159919,RP_06
92,218.70112439527048,RP_06
93,218.90543064638527,RP_06
94,219.76621867710895,RP_06
95,220.5900581448586,RP_06
96,221.43670993630911,RP_06
97,223.13765500877588,RP_06
98,224.11756894020988,RP_06
99,220.769098474934,RP_06
100,215.54752568711214,RP_06
101,213.1095890371201,RP_06
102,210.7514539217443,RP_06
103,210.81937569121015,RP_06
104,211.4827692625541,RP_06
105,211.98738475927738,RP_06
106,212.59538630965656,RP_06
107,211.7234883903015,RP_06
108,212.14059464592393,RP_06
109,212.4604156522385,RP_06
110,212.9163139603089,RP_06
111,211.94652287366011,RP_06
112,209.0425628782587,RP_06
113,209.74448960081884,RP_06
114,218.55846258569767,RP_06
115,221.65497008303933,RP_06
116,221.34004676648263,RP_06
117,222.64779219908954,RP_06
118,218.48746018261483,RP_06
119,215.42598542900407,RP_06
120,215.2194052156968,RP_06
121,216.71520254693718,RP_06
122,217.31576943849217,RP_06
123,218.08096044108413,RP_06
124,218.49683091399322,RP_06
125,218.9105590220306,RP_06
126,219.04488957644355,RP_06
127,219.7440064208506,RP_06
128,219.97303052719082,RP_06
129,220.49895205694995,RP_06
130,221.0343416040946,RP_06
131,219.7124819917152,RP_06
132,218.93499642946202,RP_06
133,217.77366180865928,RP_06
134,218.65635236377568,RP_06
135,219.89700308309426,RP_06
136,219.65900294247496,RP_06
137,219.88648790054293,RP_06
138,218.71731254225705,RP_06
139,217.27830365584697,RP_06
140,217.17019787208983,RP_06
141,217.91582551788522,RP_06
142,218.33221001032373,RP_06
143,218.55560711409203,RP_06
144,218.52884275929884,RP_06
145,218.56076770584696,RP_06
146,218.67663442560854,RP_06
147,218.64948401710737,RP_06
148,218.82880424007573,RP_06
149,218.99032096043564,RP_06
150,218.65855790002195,RP_06
151,218.143228605839,RP_06
152,217.97527822879644,RP_06
153,217.57201092177962,RP_06
154,217.00158609416758,RP_06
155,218.5266669280297,RP_06
156,218.40486672144448,RP_06
157,219.33970251872708,RP_06
158,219.2817523615803,RP_06
159,219.41358019117035,RP_06
160,219.70472396727297,RP_06
161,218.95943284433534,RP_06
162,219.4820544687792,RP_06
163,219.76972803342107,RP_06
164,219.02566341848924,RP_06
165,216.02475264910734,RP_06
166,215.0954534728046,RP_06
167,214.93067185180863,RP_06
168,215.3982329623701,RP_06
169,216.24615609393618,RP_06
170,217.21488522971458,RP_06
171,218.61232673611954,RP_06
172,219.74969521715042,RP_06
173,225.32117536009386,RP_06
174,233.7442218411891,RP_06
175,234.64686059162437,RP_06
176,227.44634328953362,RP_06
177,219.21191573079201,RP_06
178,216.7734274268781,RP_06
179,214.64678039321043,RP_06
180,212.34808296007185,RP_06
181,211.70698961259583,RP_06
182,212.17152508680633,RP_06
183,215.17453817483383,RP_06
184,216.5688822340146,RP_06
185,215.71510087704556,RP_06
186,215.79887646070418,RP_06
187,214.4552357637224,RP_06
188,213.51114949604803,RP_06
189,213.10072115598877,RP_06
190,214.62853540593107,RP_06
191,215.05909628437678,RP_06
192,215.08975445828108,RP_06
193,215.19410766788917,RP_06
194,214.1756256224519,RP_06
195,213.48266940444356,RP_06
196,214.06509904706928,RP_06
197,214.39847253632928,RP_06
198,215.20086582487795,RP_06
199,215.71307956676714,RP_06
200,215.57796618376395,RP_06
201,214.88356923756743,RP_06
202,214.848262794888,RP_06
203,216.44745996678856,RP_06
204,220.904995296002,RP_06
205,225.93808951682982,RP_06
206,222.31991065253544,RP_06
207,213.30415869020922,RP_06
208,209.15865580504052,RP_06
209,207.32962812873365,RP_06
210,209.32608268022204,RP_06
211,212.06004111481582,RP_06
212,213.04182235402135,RP_06
213,215.09261600173335,RP_06
214,211.35746152727242,RP_06
215,216.0431706641545,RP_06
216,214.15968838998566,RP_06
217,216.12905813558118,RP_06
218,218.06790550532065,RP_06
219,218.18989922897993,RP_06
220,218.02798163379222,RP_06
221,218.33721215031773,RP_06
222,220.00184041618104,RP_06
223,221.86994308457446,RP_06
224,225.33347904693514,RP_06
225,227.5620996292564,RP_06
226,229.57961564392033,RP_06
227,229.85599803858184,RP_06
228,229.25567375799508,RP_06
229,226.83321309168255,RP_06
230,222.24593092720744,RP_06
231,219.03259633375097,RP_06
232,217.7578182565685,RP_06
233,218.38478604689612,RP_06
234,217.8434383945616,RP_06
235,217.15258263030194,RP_06
236,215.5255245133388,RP_06
237,213.0768941777045,RP_06
238,212.71971234850494,RP_06
239,212.32805468403205,RP_06
240,211.59825565859126,RP_06
241,210.62810011175415,RP_06
242,211.80664642334835,RP_06
243,215.23416297018508,RP_06
244,215.9755585592872,RP_06
245,214.48070129246187,RP_06
246,214.2522682085982,RP_06
247,215.79072333252043,RP_06
248,215.81261878045524,RP_06
249,213.92389104093792,RP_06
250,211.7580512684421,RP_06
251,208.71010230458094,RP_06
252,205.6716175519835,RP_06
253,202.51027671025926,RP_06
254,200.27557953875473,RP_06
255,207.29895570742445,RP_06
256,212.67139392447984,RP_06
257,215.17176968887932,RP_06
258,217.51862679594947,RP_06
259,217.65748839894826,RP_06
260,218.26792998200327,RP_06
261,216.23168450610268,RP_06
262,217.93666691059457,RP_06
263,219.2354584934933,RP_06
264,217.98344371654363,RP_06
265,218.60314529107808,RP_06
266,219.6476926654704,RP_06
267,214.6923148822628,RP_06
268,210.07912523066372,RP_06
269,210.09488943484425,RP_06
270,211.65992963400961,RP_06
271,225.06260115247443,RP_06
272,247.97016379731684,RP_06
273,287.55848718020115,RP_06
274,346.8554322885969,RP_06
275,325.0962930288025,RP_06
276,273.041149723534,RP_06
277,255.4120245937165,RP_06
278,239.0653611319816,RP_06
279,228.1066429271456,RP_06
280,229.99045805884424,RP_06
281,227.9962565473656,RP_06
282,221.56634659809833,RP_06
283,221.30258831014413,RP_06
284,218.89059624108341,RP_06
285,214.8656093292174,RP_06
286,216.87980639703977,RP_06
287,218.50785287281317,RP_06
288,217.4019002721404,RP_06
289,220.42718653465153,RP_06
290,226.25529141924824,RP_06
291,229.71763375641328,RP_06
292,233.15766081397754,RP_06
293,234.97409705153134,RP_06
294,235.13455655095228,RP_06
295,238.1629149578197,RP_06
296,240.11104633473036,RP_06
297,237.05645728508526,RP_06
298,232.8789292700847,RP_06
299,229.5987373719083,RP_06
300,228.74399100217764,RP_06
301,230.5855079172576,RP_06
302,235.03012285337488,RP_06
303,243.104379460586,RP_06
304,243.1148573237621,RP_06
305,228.92501351332908,RP_06
306,218.27667622823768,RP_06
307,213.27628508338552,RP_06
308,209.91806190422278,RP_06
309,209.1485157395961,RP_06
310,210.45029676671223,RP_06
311,212.08953506765948,RP_06
312,212.9855405423112,RP_06
313,214.05285006636313,RP_06
314,215.17073579872033,RP_06
315,214.85575233108113,RP_06
316,213.5102639241282,RP_06
317,212.0428197465357,RP_06
318,211.53041585365222,RP_06
319,212.07340160605668,RP_06
320,215.90891911995584,RP_06
321,221.53767541646056,RP_06
322,225.27229376963646,RP_06
323,228.3286306861647,RP_06
324,229.22707298988234,RP_06
325,228.5786737622796,RP_06
326,228.9852436351565,RP_06
327,224.26341337577497,RP_06
328,215.69007592373822,RP_06
329,211.53243692084007,RP_06
330,208.94087790500066,RP_06
331,206.67969630754988,RP_06
332,205.8787959460471,RP_06
333,204.35655043551952,RP_06
334,206.78386493429,RP_06
335,204.30476119691363,RP_06
336,209.23822191318772,RP_06
337,192.3219528523652,RP_06
338,188.0819476663734,RP_06
339,190.82142011164441,RP_06
340,188.6384186188801,RP_06
341,192.11380837364015,RP_06
342,206.5091901861545,RP_06
343,221.73079812477187,RP_06
344,223.19126620412032,RP_06
345,207.36745337689476,RP_06
346,187.73294753018308,RP_06
347,179.31400114673218,RP_06
348,169.61709373313045,RP_06
349,141.36616688708207,RP_06
350,125.57684601669172,RP_06
351,160.32823807011275,RP_06
0,266.887196859551,RP_07
1,257.79229016154034,RP_07
2,272.2064193925976,RP_07
3,270.52078831317857,RP_07
4,266.4754711176321,RP_07
5,276.9172162962797,RP_07
6,290.4589242856339,RP_07
7,300.5834882746909,RP_07
8,313.95508611721556,RP_07
9,322.64659146081345,RP_07
10,318.8813009391002,RP_07
11,316.0820953133111,RP_07
12,320.82066817505756,RP_07
13,323.6474410760133,RP_07
14,325.5974108977035,RP_07
15,334.12382630143145,RP_07
16,342.5913691631363,RP_07
17,344.9134464503069,RP_07
18,347.9732242895899,RP_07
19,353.3117226725726,RP_07
20,355.14103785741185,RP_07
21,355.46505811221385,RP_07
22,356.9903048995874,RP_07
23,355.42316266534374,RP_07
24,351.81693849301234,RP_07
25,351.64848736864974,RP_07
26,352.29354919294394,RP_07
27,350.4499242413236,RP_07
28,350.07824492711836,RP_07
29,351.8308463547847,RP_07
30,352.25603409613103,RP_07
31,353.53523994506753,RP_07
32,357.44086685079924,RP_07
33,359.72840245412755,RP_07
34,360.42674191248034,RP_07
35,363.6119399804475,RP_07
36,366.8989382800349,RP_07
37,367.30084661276703,RP_07
38,368.0680842187685,RP_07
39,369.3115351110134,RP_07
40,367.4991852286247,RP_07
41,365.5269510025298,RP_07
42,367.2295387962469,RP_07
43,369.6520683453531,RP_07
44,371.22149160399846,RP_07
45,373.98586994659803,RP_07
46,375.6971726080491,RP_07
47,374.1826986221613,RP_07
48,372.89507127849765,RP_07
49,372.6475226649058,RP_07
50,370.8206691551272,RP_07
51,369.4971409567684,RP_07
52,370.40376281180016,RP_07
53,369.9202278045468,RP_07
54,368.2081365528685,RP_07
55,368.98701136682723,RP_07
56,369.96654145665764,RP_07
57,368.7699914965387,RP_07
58,368.95497726473087,RP_07
59,369.98056980647345,RP_07
60,367.7461240093368,RP_07
61,365.5435181906959,RP_07
62,366.43551966020226,RP_07
63,365.63172661164987,RP_07
64,362.99816394632114,RP_07
65,363.639383425756,RP_07
66,364.36407148532976,RP_07
67,361.561710271848,RP_07
68,360.9269047905889,RP_07
69,362.7607559604288,RP_07
70,360.62927485009067,RP_07
71,358.4451589239393,RP_07
72,361.0833421288864,RP_07
73,361.02794160674574,RP_07
74,357.43276411683024,RP_07
75,359.4703393929482,RP_07
76,362.11757947358944,RP_07
77,357.5820298162193,RP_07
78,357.2506694657097,RP_07
79,363.210691024379,RP_07
80,358.1940874144037,RP_07
81,350.4266317998635,RP_07
82,361.087557911387,RP_07
83,363.06257894449436,RP_07
84,320.1797018115688,RP_07
85,336.318706016236,RP_07
86,356.63825848225747,RP_07
87,345.86453899211966,RP_07
88,348.5552706118829,RP_07
89,343.93398050035034,RP_07
90,348.3837849341133,RP_07
91,345.70670038936925,RP_07
92,345.914634754975,RP_07
93,342.92862993176834,RP_07
94,338.2728666379316,RP_07
95,305.81388079106824,RP_07
96,265.68095751231624,RP_07
97,203.74316682802822,RP_07
98,195.74346975488038,RP_07
99,232.5900317476907,RP_07
100,246.6338147196213,RP_07
101,244.1264860411467,RP_07
102,245.3075000483473,RP_07
103,238.7158397089062,RP_07
104,240.28335138597836,RP_07
105,236.12764761866148,RP_07
106,237.23666730064824,RP_07
107,233.1014233346492,RP_07
108,235.15963993488128,RP_07
109,230.5394691814704,RP_07
110,233.0080947925398,RP_07
111,228.5654023144043,RP_07
112,231.66590471151875,RP_07
113,224.46622176233888,RP_07
114,224.33664301812365,RP_07
115,219.73817243151922,RP_07
116,221.63349482700448,RP_07
117,220.91736744388413,RP_07
118,229.20883494016215,RP_07
119,216.3914487545651,RP_07
120,230.80167872341462,RP_07
121,NaN,RP_07
122,222.0110327161953,RP_07
123,220.95026216193315,RP_07
124,220.37703217707275,RP_07
125,219.15987177269685,RP_07
126,218.4348763951058,RP_07
127,218.64116556464722,RP_07
128,217.91472126658238,RP_07
129,218.67002284428952,RP_07
130,218.14711199214068,RP_07
131,218.50257951018204,RP_07
132,218.09563704994838,RP_07
133,218.1098506421807,RP_07
134,218.80610280382012,RP_07
135,220.3875172912658,RP_07
136,223.1648814710935,RP_07
137,228.69341775284505,RP_07
138,233.9919426314714,RP_07
139,242.3836339772705,RP_07
140,252.70659392367224,RP_07
141,261.9020738582198,RP_07
142,276.7611512711825,RP_07
143,293.58048931602525,RP_07
144,311.2314813131821,RP_07
145,327.40251311810863,RP_07
146,343.6502599914011,RP_07
147,357.930386969507,RP_07
148,364.37454897622615,RP_07
149,374.111592720705,RP_07
150,374.6013612264393,RP_07
151,371.59791052809,RP_07
152,366.0421349093471,RP_07
153,346.96447003717174,RP_07
154,320.4230142187015,RP_07
155,295.2220763566829,RP_07
156,261.01282022778435,RP_07
157,228.91542441728654,RP_07
158,221.6606053658851,RP_07
159,236.47027788768492,RP_07
160,256.92207850243216,RP_07
161,264.1402185051108,RP_07
162,270.46366824012,RP_07
163,270.69443721220347,RP_07
164,264.4553663066479,RP_07
165,251.55428086183653,RP_07
166,242.30735628687256,RP_07
167,241.54242662788008,RP_07
168,239.38004509999777,RP_07
169,235.1676019815636,RP_07
170,229.5804922793546,RP_07
171,225.07319105334284,RP_07
172,222.75228312303614,RP_07
173,224.16493786509744,RP_07
174,223.01020847358416,RP_07
175,224.18227855915728,RP_07
176,222.78773378449938,RP_07
177,222.44798000659821,RP_07
178,222.04362140157696,RP_07
179,217.8126224984248,RP_07
180,214.50214977715973,RP_07
181,210.89674703929282,RP_07
182,211.3889592631315,RP_07
183,210.9757851950398,RP_07
184,211.8601778065908,RP_07
185,214.23160279476832,RP_07
186,217.18957110969376,RP_07
187,219.9803134121052,RP_07
188,221.7746087897296,RP_07
189,222.82445634558678,RP_07
190,223.81866342411877,RP_07
191,222.44327498463213,RP_07
192,220.8486493669684,RP_07
193,220.2458960429015,RP_07
194,219.52023037716953,RP_07
195,219.3586044086801,RP_07
196,218.97029030975872,RP_07
197,218.7316458254009,RP_07
198,218.7280275242824,RP_07
199,218.95375504611076,RP_07
200,218.7547194415658,RP_07
201,218.51207590249805,RP_07
202,218.46356145580154,RP_07
203,218.71345200411267,RP_07
204,218.74495592486352,RP_07
205,218.7772475601493,RP_07
206,218.6800504746367,RP_07
207,218.73746108164408,RP_07
208,218.67383784337085,RP_07
209,219.00170041973252,RP_07
210,220.38246735141087,RP_07
211,224.25047235717557,RP_07
212,224.21885521970344,RP_07
213,228.31950600926567,RP_07
214,224.17884176333496,RP_07
215,210.84880581968508,RP_07
216,210.87195670890165,RP_07
217,212.53345947431364,RP_07
218,213.1141698798267,RP_07
219,210.0321558993756,RP_07
220,209.19013842850262,RP_07
221,210.0589205057343,RP_07
222,212.44022772876963,RP_07
223,216.0566072214381,RP_07
224,217.74724470776778,RP_07
225,218.24627046990184,RP_07
226,218.6113384473602,RP_07
227,218.89608438332112,RP_07
228,219.7358490181481,RP_07
229,221.3379376673738,RP_07
230,223.85466542362695,RP_07
231,227.16832148298255,RP_07
232,229.75680384238535,RP_07
233,221.2707791210658,RP_07
234,216.90426309947148,RP_07
235,216.97533194337413,RP_07
236,217.00899055508535,RP_07
237,218.6957907228375,RP_07
238,220.52679217732384,RP_07
239,219.7350942941975,RP_07
240,220.5445979723405,RP_07
241,218.75645453022466,RP_07
242,218.70157592922672,RP_07
243,218.67654530596639,RP_07
244,218.6087256735612,RP_07
245,218.7098436771655,RP_07
246,218.36500911839738,RP_07
247,218.15702093041446,RP_07
248,218.5325797334155,RP_07
249,219.0886161924806,RP_07
250,219.19702593379134,RP_07
251,219.69250771204742,RP_07
252,219.865156632475,RP_07
253,219.1519911885818,RP_07
254,219.11139861850017,RP_07
255,219.49843893221936,RP_07
256,218.50910471254537,RP_07
257,217.05462457819095,RP_07
258,216.22304672449616,RP_07
259,215.51472348213053,RP_07
260,215.13208031834193,RP_07
261,215.31119417452823,RP_07
262,215.59075548582786,RP_07
263,215.7089107450509,RP_07
264,215.93739589515712,RP_07
265,216.21143308787214,RP_07
266,216.26043586100903,RP_07
267,216.36541148298483,RP_07
268,216.7480010660703,RP_07
269,216.82335326821035,RP_07
270,216.58094404118407,RP_07
271,216.73298408322262,RP_07
272,217.10227641606963,RP_07
273,216.92539709164186,RP_07
274,215.92314349386083,RP_07
275,214.5952677724693,RP_07
276,213.38118474998527,RP_07
277,212.2301849700737,RP_07
278,211.5243183897698,RP_07
279,211.50299575751757,RP_07
280,211.92313706093825,RP_07
281,212.99617759811446,RP_07
282,214.03750378334078,RP_07
283,214.51519503033728,RP_07
284,215.1481407116059,RP_07
285,215.9454865723256,RP_07
286,216.60857211604264,RP_07
287,217.42639731895622,RP_07
288,219.75610176405837,RP_07
289,223.34532009723696,RP_07
290,224.8158771134957,RP_07
291,224.6593191516237,RP_07
292,224.94748608766633,RP_07
293,224.73505952068035,RP_07
294,223.36578205206177,RP_07
295,221.50298500138484,RP_07
296,219.3187264132615,RP_07
297,217.4547976598082,RP_07
298,216.61015315875005,RP_07
299,216.32519985254208,RP_07
300,216.00093521193438,RP_07
301,215.8566364205625,RP_07
302,215.9168480932828,RP_07
303,215.45017912252638,RP_07
304,214.5493686152384,RP_07
305,214.2860148923586,RP_07
306,213.92517642208566,RP_07
307,211.26938535747001,RP_07
308,208.00118796633706,RP_07
309,207.4577171914596,RP_07
310,206.9753065460701,RP_07
311,207.93992896013032,RP_07
312,212.2033108211754,RP_07
313,213.01648902029368,RP_07
314,211.44256428131868,RP_07
315,216.21448186051876,RP_07
316,223.81285022130757,RP_07
317,225.65087881994134,RP_07
318,228.05050528557507,RP_07
319,232.50725296189802,RP_07
320,230.0073450557524,RP_07
321,228.78946572573295,RP_07
322,243.6085276664388,RP_07
323,252.57029736118795,RP_07
324,222.6372018742299,RP_07
325,212.67295240271613,RP_07
326,244.20176832466439,RP_07
327,221.85322028519036,RP_07
328,230.30871421449413,RP_07
329,217.6822681246716,RP_07
330,244.90708470304807,RP_07
331,261.0471560031737,RP_07
332,243.48918556017423,RP_07
333,227.41496638007007,RP_07
334,211.98724628660037,RP_07
335,212.9934387743657,RP_07
336,202.12209335381687,RP_07
337,214.71978024827627,RP_07
338,201.1969468645695,RP_07
339,205.25182633072305,RP_07
340,230.70367317643905,RP_07
341,240.2274769716418,RP_07
342,247.61181098567633,RP_07
343,244.96491576401596,RP_07
344,246.7444701637616,RP_07
345,245.3251854788172,RP_07
346,246.56818241997763,RP_07
347,245.39849735359522,RP_07
348,246.5691489973303,RP_07
349,245.32296212026574,RP_07
350,246.74890079343936,RP_07
351,244.95582150699508,RP_07
352,247.6351443823142,RP_07
0,296.73711990726997,SM_03
1,296.98334660463564,SM_03
2,305.0863548472764,SM_03
3,321.6799706145908,SM_03
4,356.25427356340987,SM_03
5,373.6424456522507,SM_03
6,370.5971359055824,SM_03
7,369.3105561648282,SM_03
8,360.95079283645487,SM_03
9,351.20136620218307,SM_03
10,352.70823377823064,SM_03
11,358.8933314637842,SM_03
12,364.7480232949493,SM_03
13,375.2646165954931,SM_03
14,382.33708161551175,SM_03
15,380.0329140700052,SM_03
16,378.6852770520408,SM_03
17,378.8645945754013,SM_03
18,380.32869313767355,SM_03
19,378.93598580696425,SM_03
20,374.78453606013437,SM_03
21,371.91800368615543,SM_03
22,368.26753756385466,SM_03
23,365.4873401446849,SM_03
24,369.98072105505577,SM_03
25,375.90966135038104,SM_03
26,377.52594013055483,SM_03
27,378.7019288397601,SM_03
28,376.622274285567,SM_03
29,370.3429224421426,SM_03
30,364.5807672321916,SM_03
31,359.7418268912053,SM_03
32,353.64558414223427,SM_03
33,356.8295344211348,SM_03
34,363.7880157752095,SM_03
35,364.479543542387,SM_03
36,360.58666858721784,SM_03
37,356.575694160716,SM_03
38,356.88243543349415,SM_03
39,356.0720225474889,SM_03
40,355.75341013694424,SM_03
41,354.0664373822948,SM_03
42,355.11097093744996,SM_03
43,357.3353526639655,SM_03
44,360.49632647897477,SM_03
45,364.28731850143254,SM_03
46,369.90163430165705,SM_03
47,369.435647270008,SM_03
48,365.3758890895423,SM_03
49,359.72984519728516,SM_03
50,357.00038830908886,SM_03
51,353.61081778772336,SM_03
52,351.6813785889357,SM_03
53,350.7474075612198,SM_03
54,354.47370824798185,SM_03
55,355.86882569369277,SM_03
56,359.2989033437784,SM_03
57,362.01169623521116,SM_03
58,365.11226386690845,SM_03
59,367.72942293644246,SM_03
60,370.1199744714836,SM_03
61,372.1908048706786,SM_03
62,372.18905785316286,SM_03
63,372.927329680437,SM_03
64,372.20167508643624,SM_03
65,371.09277030517285,SM_03
66,370.30105382625067,SM_03
67,371.75631323386784,SM_03
68,374.4994984454021,SM_03
69,376.99892584782947,SM_03
70,376.2687620047449,SM_03
71,375.4139683007165,SM_03
72,374.501470789574,SM_03
73,372.54380117535743,SM_03
74,370.6831381301741,SM_03
75,370.0555355774284,SM_03
76,372.30926849048984,SM_03
77,372.5492831046649,SM_03
78,372.10463349576077,SM_03
79,369.777155495483,SM_03
80,368.06501709317723,SM_03
81,366.1240143616934,SM_03
82,364.00345231614665,SM_03
83,363.8509517449023,SM_03
84,365.3207784913387,SM_03
85,367.8217405833177,SM_03
86,369.9362269553748,SM_03
87,374.17868986602093,SM_03
88,376.19702814588726,SM_03
89,376.2607641785099,SM_03
90,373.6071893550457,SM_03
91,371.78378504280016,SM_03
92,369.33226932676865,SM_03
93,366.81960436697995,SM_03
94,364.27800622035636,SM_03
95,359.98835957297,SM_03
96,356.838667124631,SM_03
97,353.080060035921,SM_03
98,353.06527802776264,SM_03
99,349.7926865758979,SM_03
100,352.092506420407,SM_03
101,351.1540115615093,SM_03
102,354.4875198427487,SM_03
103,335.4763069795648,SM_03
104,357.85742906629423,SM_03
105,349.4027028872247,SM_03
106,344.083222926973,SM_03
107,335.7535049354035,SM_03
108,342.2761972735181,SM_03
109,348.01136946994046,SM_03
110,348.59807631628445,SM_03
111,351.479737903343,SM_03
112,351.890680288453,SM_03
113,355.4325910217491,SM_03
114,353.0698574063314,SM_03
115,355.0792786470447,SM_03
116,350.76952677664553,SM_03
117,351.9034909072792,SM_03
118,346.84482239982407,SM_03
119,347.3728178703699,SM_03
120,339.58675997740465,SM_03
121,341.56281530325015,SM_03
122,341.140561159647,SM_03
123,346.7012513904546,SM_03
124,343.71933239718805,SM_03
125,344.84116987037044,SM_03
126,335.807767873515,SM_03
127,322.1610632600908,SM_03
128,280.2607156648681,SM_03
129,247.65300043739876,SM_03
130,200.9316751463155,SM_03
131,209.05141727015192,SM_03
132,218.86210100887632,SM_03
133,222.72682308671642,SM_03
134,NaN,SM_03
135,220.33194312852098,SM_03
136,NaN,SM_03
137,219.97268356462646,SM_03
138,NaN,SM_03
139,219.93160239912712,SM_03
140,NaN,SM_03
141,217.84584021264595,SM_03
142,NaN,SM_03
143,231.6782213194337,SM_03
144,217.96293262535798,SM_03
145,218.2442717862998,SM_03
146,219.562669614482,SM_03
147,223.96590394686496,SM_03
148,228.49555984863682,SM_03
149,265.7314171337895,SM_03
150,217.8707973322011,SM_03
151,216.07351861462877,SM_03
152,230.63259551868302,SM_03
153,224.6045969672141,SM_03
154,217.863557986709,SM_03
155,224.54459995646835,SM_03
156,231.19377016935718,SM_03
157,225.78674803206658,SM_03
158,222.97305451538594,SM_03
159,220.75839944191222,SM_03
160,221.0912165316151,SM_03
161,219.27031248986356,SM_03
162,219.17917785718316,SM_03
163,218.9425590697773,SM_03
164,219.67719894063885,SM_03
165,220.7212274130653,SM_03
166,222.05833395170765,SM_03
167,222.8334296502367,SM_03
168,227.0179445847199,SM_03
169,231.80890498750998,SM_03
170,236.69121813940313,SM_03
171,240.24050860093206,SM_03
172,242.9243808598632,SM_03
173,249.9964862657684,SM_03
174,258.06929492142825,SM_03
175,261.6550184052321,SM_03
176,255.33977458042503,SM_03
177,245.96782504059155,SM_03
178,244.12393791083673,SM_03
179,252.5016443442544,SM_03
180,257.7990058169937,SM_03
181,260.58871760025465,SM_03
182,259.21813787052486,SM_03
183,257.78148867479433,SM_03
184,251.54401425298948,SM_03
185,246.63387705731233,SM_03
186,233.97123866147717,SM_03
187,220.75907680826384,SM_03
188,214.75984716902536,SM_03
189,215.26233219523732,SM_03
190,216.09672394758957,SM_03
191,217.42037483827508,SM_03
192,217.34369233032092,SM_03
193,217.62827127623348,SM_03
194,217.29664535680652,SM_03
195,217.86412766236396,SM_03
196,218.25530338841094,SM_03
197,217.68314237119398,SM_03
198,215.94478917745647,SM_03
199,214.78959704522464,SM_03
200,215.28216509249668,SM_03
201,218.75401329784052,SM_03
202,222.31869564434726,SM_03
203,223.47650951134807,SM_03
204,219.91297502386635,SM_03
205,222.09488773410476,SM_03
206,228.65312807654283,SM_03
207,242.6285005199905,SM_03
208,252.4608174489132,SM_03
209,280.15377599828184,SM_03
210,295.36555862729927,SM_03
211,311.437797528866,SM_03
212,231.19742046736832,SM_03
213,219.6292725861542,SM_03
214,204.50645099432646,SM_03
215,200.54909983244943,SM_03
216,229.0636504406295,SM_03
217,222.05450737680817,SM_03
218,219.87275033678225,SM_03
219,228.18550996365343,SM_03
220,406.7136587250821,SM_03
221,307.8609597495541,SM_03
222,NaN,SM_03
223,408.3387070786092,SM_03
224,NaN,SM_03
225,246.1513653917138,SM_03
226,153.1236889670235,SM_03
227,NaN,SM_03
228,221.1815457890333,SM_03
229,215.2192070567287,SM_03
230,NaN,SM_03
231,234.87552381070893,SM_03
232,205.6650038796488,SM_03
233,NaN,SM_03
234,NaN,SM_03
235,202.84810008244406,SM_03
236,NaN,SM_03
237,NaN,SM_03
238,220.06629739008383,SM_03
239,323.3593713105478,SM_03
240,NaN,SM_03
241,394.67813153553396,SM_03
242,270.364738035461,SM_03
243,NaN,SM_03
244,NaN,SM_03
245,243.1188462566388,SM_03
246,NaN,SM_03
247,NaN,SM_03
248,258.50720641324955,SM_03
249,465.44111111899167,SM_03
250,NaN,SM_03
251,295.6066093251605,SM_03
252,267.00770054287216,SM_03
253,NaN,SM_03
254,289.0561903955236,SM_03
255,219.71926864914116,SM_03
256,NaN,SM_03
257,NaN,SM_03
258,221.29696637394065,SM_03
259,NaN,SM_03
260,NaN,SM_03
261,218.13324123587375,SM_03
262,214.3681165915266,SM_03
263,NaN,SM_03
264,213.9910113429096,SM_03
265,219.1335592377269,SM_03
266,NaN,SM_03
267,NaN,SM_03
268,224.2304145207857,SM_03
269,NaN,SM_03
270,NaN,SM_03
271,226.3107015760478,SM_03
272,229.86570664223308,SM_03
273,243.84013577672715,SM_03
274,213.91874350320484,SM_03
275,214.69864715686265,SM_03
276,216.6768861097072,SM_03
277,211.7286047433482,SM_03
278,205.3259878004793,SM_03
279,205.74805109760499,SM_03
280,202.7380140629772,SM_03
281,195.77293872713835,SM_03
282,195.81762778731613,SM_03
283,195.99115407633315,SM_03
284,190.78312938034975,SM_03
285,197.8566631882809,SM_03
286,209.8060493364661,SM_03
287,218.8701229212978,SM_03
288,225.56883412613016,SM_03
289,227.3883794936179,SM_03
290,225.24069080201158,SM_03
291,222.3186527341898,SM_03
292,221.5739337528965,SM_03
293,222.68216192332875,SM_03
294,223.42833407179901,SM_03
295,224.4798862549134,SM_03
296,230.08173935603273,SM_03
297,242.4625535665191,SM_03
298,260.320799380051,SM_03
299,281.39297227348186,SM_03
300,301.0904296083112,SM_03
301,307.4797669876234,SM_03
302,301.59870086181843,SM_03
303,301.10910948233675,SM_03
304,304.74678381253193,SM_03
305,298.9807964905462,SM_03
306,290.8766044063025,SM_03
307,287.6345326724036,SM_03
308,280.7284367505857,SM_03
309,274.3086887214291,SM_03
310,278.2703968014185,SM_03
311,299.2291926265234,SM_03
312,287.68903538254773,SM_03
313,278.72125326976357,SM_03
314,290.4288364439586,SM_03
315,305.6942806783268,SM_03
316,308.42979421237,SM_03
317,308.199465668043,SM_03
318,319.85528951202815,SM_03
319,337.9411224855807,SM_03
320,347.02513627216433,SM_03
321,344.8184804827061,SM_03
322,340.99875360756766,SM_03
323,339.81106336576136,SM_03
324,337.1460560254036,SM_03
325,332.0754586483392,SM_03
326,329.20695384392565,SM_03
327,329.7806939252861,SM_03
328,329.7869778690722,SM_03
329,327.8464942919912,SM_03
330,326.8308653321626,SM_03
331,326.5331640340671,SM_03
332,322.0354881666187,SM_03
333,311.9463867751915,SM_03
334,301.75972472413855,SM_03
335,296.1328586239934,SM_03
336,293.00799895115983,SM_03
337,288.7930009864543,SM_03
338,284.96587564767987,SM_03
339,285.0346909500659,SM_03
340,287.61258185865245,SM_03
341,286.98596449429965,SM_03
342,279.71258723193625,SM_03
343,267.65488580563937,SM_03
344,254.86691221153,SM_03
345,243.84383682494337,SM_03
346,235.3251154768993,SM_03
347,229.8389554629385,SM_03
348,227.7777136291912,SM_03
349,228.17155528970906,SM_03
350,228.70385180702831,SM_03
351,228.26345138101846,SM_03
352,229.14738116301422,SM_03
353,234.83898080940827,SM_03
354,245.26341660786105,SM_03
355,255.49829319851398,SM_03
356,261.0320199897121,SM_03
357,262.75826620634314,SM_03
358,263.5207995938487,SM_03
359,262.45682431682985,SM_03
360,256.75027660984176,SM_03
361,248.05340269628584,SM_03
362,242.47021738710993,SM_03
363,243.11297323549203,SM_03
364,246.95637883146838,SM_03
365,250.26923171505956,SM_03
366,253.47674775120836,SM_03
367,257.66693242068465,SM_03
368,260.24842963327745,SM_03
369,258.9539334644995,SM_03
370,256.80817961468694,SM_03
371,257.39349958484434,SM_03
372,257.84751654438156,SM_03
373,254.266141086267,SM_03
374,251.01721555146975,SM_03
375,255.04625720874532,SM_03
376,261.97545014891034,SM_03
377,259.35915640912765,SM_03
378,244.19581859323432,SM_03
379,224.24779796934195,SM_03
380,199.18245390280117,SM_03
381,157.60729396665255,SM_03
382,102.17853580163563,SM_03
383,60.120340469052735,SM_03
384,52.87602253306858,SM_03
385,72.27582895156789,SM_03
386,96.40266830330219,SM_03
387,116.74874254805218,SM_03
388,139.04330374479417,SM_03
389,156.9929747211247,SM_03
390,154.9550166902385,SM_03
391,143.3868772326629,SM_03
392,160.94181656659336,SM_03
393,219.3492214971717,SM_03
